<?xml version="1.0" encoding="windows-1252"?>
<!--  This file conforms to the DTD xdc/bld/build.dtd -->
<package name="configPkg" version="" producerId="undefined">
    <units>
    </units>
    <sources>
        <srcFile name="package/cfg/PITA_pem4f.c"/>
    </sources>
    <configscripts>
        <srcFile name="C:/TI_RTOS/Workspace/PITA/PITA.cfg"/>
    </configscripts>
    <makefiles>
        <srcFile name="package.mak" src="package.bld"/>
        <srcFile name="package/package.xdc.dep" src="package.xdc"/>
        <srcFile name="package/cfg/PITA_pem4f.mak" src="package.bld"/>
        <srcFile name="package/cfg/PITA_pem4f.oem4f.dep" src="package/cfg/PITA_pem4f.c"/>
        <srcFile name="package/cfg/PITA_pem4f.dep" src="package/cfg/PITA_pem4f.cfg"/>
        <srcFile name="package/cfg/PITA.xem4f.mak" src="package.bld"/>
        <srcFile name="package/rel/configPkg.tar.dep" src="package/rel/configPkg.xdc.inc"/>
    </makefiles>
    <targets>
        <target name="ti.targets.arm.elf.M4F"
            version="ti.targets.arm.elf.M4F{1,0,15.12,3"
            rawVersion="15.12.3"
            platform="ti.platforms.tiva:TM4C1294NCPDT:1"
            isa="v7M4"
            suffix="em4f"
            rootDir="C:/ti/ccsv6/tools/compiler/arm_15.12.3.LTS"
            os="undefined"
            rts="ti.targets.arm.rtsarm">
            <model endian="little"
                codeModel="thumb2"
                dataModel="undefined"/>
        </target>
    </targets>
    <libraries>
    </libraries>
    <configurations>
    <configuration name="PITA"
        pname="PITA.pem4f"
        target="ti.targets.arm.elf.M4F"
        platform="ti.platforms.tiva:TM4C123GH6PM"
        profile="release"
        isPartial="false"
        xCfgScript="package/cfg/PITA_pem4f.cfg"
        xCfgPrefix="package/cfg/PITA_pem4f"
        cfgScript="C:/TI_RTOS/Workspace/PITA/PITA.cfg"
        cfgArgs="null"
        />
    </configurations>
    <executables>
    <executable name="PITA"
        pname="PITA.xem4f"
        target="ti.targets.arm.elf.M4F"
        platform="ti.platforms.tiva:TM4C123GH6PM"
        profile="release"
        xCfgScript="package/cfg/PITA_pem4f.cfg"
        xCfgPrefix="package/cfg/PITA_pem4f"
        cfgScript="C:/TI_RTOS/Workspace/PITA/PITA.cfg"
        cfgArgs="null"
        />
    </executables>
    <tests>
    <test exeName="PITA.xem4f"
        args=""
        groupName="PITA.xem4f"
        refOutput="undefined"
        refExitCode="0"
        execArgs=""
        />
    </tests>
    <releases relDir="package/rel/">
    <release name="configPkg"
        pname="configPkg.tar"
        label="default"
    >
        <file name="package/package.bld.xml"/>
        <file name="package/build.cfg"/>
        <file name="package/package.xdc.inc"/>
    </release>
    </releases>
    <repositories>
    </repositories>
</package>
